{
    "a": 0.10544038195753236,
    "b": 0.02624701595677849,
    "c": 0.03447669305189094,
    "d": 0.03531850735016962,
    "e": 0.09800226159065209,
    "f": 0.015554717929388114,
    "g": 0.024764417640407085,
    "h": 0.028697072496544792,
    "i": 0.06366377685638899,
    "j": 0.004724211584369896,
    "k": 0.021899736147757257,
    "l": 0.05334841060434728,
    "m": 0.031335594923985424,
    "n": 0.050797838924488,
    "o": 0.06557356451815555,
    "p": 0.028885538384219124,
    "q": 0.0017464505591154667,
    "r": 0.06461867068727227,
    "s": 0.08213343384847342,
    "t": 0.052632240231184825,
    "u": 0.04222892323156176,
    "v": 0.011031536625204171,
    "w": 0.014712903631109437,
    "x": 0.004535745696695565,
    "y": 0.03167483352179922,
    "z": 0.005955522050508858
}